{"('Amer-Indian-Eskimo', 'Female')":118429.8780487805,"('Amer-Indian-Eskimo', 'Male')":122274.1666666667,"('Asian-Pac-Islander', 'Female')":113914.1428571429,"('Asian-Pac-Islander', 'Male')":116307.0176991151,"('Black', 'Female')":112056.4884792627,"('Black', 'Male')":111363.3033268102,"('Other', 'Female')":119146.1785714286,"('Other', 'Male')":122387.6279069767,"('White', 'Female')":113088.6872556685,"('White', 'Male')":113404.5563552833}