,race,sex,income
0,Amer-Indian-Eskimo,Female,118429.87804878049
1,Amer-Indian-Eskimo,Male,122274.16666666667
2,Asian-Pac-Islander,Female,113914.14285714286
3,Asian-Pac-Islander,Male,116307.01769911505
4,Black,Female,112056.48847926267
5,Black,Male,111363.30332681017
6,Other,Female,119146.17857142857
7,Other,Male,122387.62790697675
8,White,Female,113088.6872556685
9,White,Male,113404.5563552833
